location,country,flag,country_number,latitude,longitude,iso_code_2,iso_code_3,country_with_flag
,Aruba,ğŸ‡¦ğŸ‡¼,533,,,AW,ABW,ğŸ‡¦ğŸ‡¼ Aruba
,Afghanistan,ğŸ‡¦ğŸ‡«,4,,,AF,AFG,ğŸ‡¦ğŸ‡« Afghanistan
,Angola,ğŸ‡¦ğŸ‡´,24,,,AO,AGO,ğŸ‡¦ğŸ‡´ Angola
,Anguilla,ğŸ‡¦ğŸ‡®,660,18.1954947,-63.0750234,AI,AIA,ğŸ‡¦ğŸ‡® Anguilla
,Ã…land Islands,ğŸ‡¦ğŸ‡½,248,60.2166218,19.9438638,AX,ALA,ğŸ‡¦ğŸ‡½ Ã…land Islands
,Albania,ğŸ‡¦ğŸ‡±,8,,,AL,ALB,ğŸ‡¦ğŸ‡± Albania
,Andorra,ğŸ‡¦ğŸ‡©,20,42.5407167,1.5732033,AD,AND,ğŸ‡¦ğŸ‡© Andorra
,United Arab Emirates,ğŸ‡¦ğŸ‡ª,784,24.0002488,53.9994829,AE,ARE,ğŸ‡¦ğŸ‡ª United Arab Emirates
,Argentina,ğŸ‡¦ğŸ‡·,32,-34.9964963,-64.9672817,AR,ARG,ğŸ‡¦ğŸ‡· Argentina
,Armenia,ğŸ‡¦ğŸ‡²,51,4.4919761,-75.7413509,AM,ARM,ğŸ‡¦ğŸ‡² Armenia
,American Samoa,ğŸ‡¦ğŸ‡¸,16,-14.297124,-170.7131481,AS,ASM,ğŸ‡¦ğŸ‡¸ American Samoa
,Antarctica,ğŸ‡¦ğŸ‡¶,10,-72.8438691,0.0,AQ,ATA,ğŸ‡¦ğŸ‡¶ Antarctica
,French Southern Territories,ğŸ‡¹ğŸ‡«,260,-49.237442,69.622759,TF,ATF,ğŸ‡¹ğŸ‡« French Southern Territories
,Antigua and Barbuda,ğŸ‡¦ğŸ‡¬,28,17.2234721,-61.9554608,AG,ATG,ğŸ‡¦ğŸ‡¬ Antigua and Barbuda
,Australia,ğŸ‡¦ğŸ‡º,36,,,AU,AUS,ğŸ‡¦ğŸ‡º Australia
,Austria,ğŸ‡¦ğŸ‡¹,40,47.59397,14.12456,AT,AUT,ğŸ‡¦ğŸ‡¹ Austria
,Azerbaijan,ğŸ‡¦ğŸ‡¿,31,40.3936294,47.7872508,AZ,AZE,ğŸ‡¦ğŸ‡¿ Azerbaijan
,Burundi,ğŸ‡§ğŸ‡®,108,-3.426449,29.9324519,BI,BDI,ğŸ‡§ğŸ‡® Burundi
,Belgium,ğŸ‡§ğŸ‡ª,56,50.6402809,4.6667145,BE,BEL,ğŸ‡§ğŸ‡ª Belgium
,Benin,ğŸ‡§ğŸ‡¯,204,9.5293472,2.2584408,BJ,BEN,ğŸ‡§ğŸ‡¯ Benin
,Puerto Rico,ğŸ‡µğŸ‡·,630,18.2247706,-66.4858295,PR,PRI,ğŸ‡µğŸ‡· Puerto Rico
,"Korea, Democratic People's Republic of",ğŸ‡°ğŸ‡µ,408,38.2336866,127.0087307,KP,PRK,"ğŸ‡°ğŸ‡µ Korea, Democratic People's Republic of"
,Portugal,ğŸ‡µğŸ‡¹,620,39.6621648,-8.1353519,PT,PRT,ğŸ‡µğŸ‡¹ Portugal
,Paraguay,ğŸ‡µğŸ‡¾,600,-23.3165935,-58.1693445,PY,PRY,ğŸ‡µğŸ‡¾ Paraguay
,"Palestine, State of",ğŸ‡µğŸ‡¸,275,42.2089038,-79.4684968,PS,PSE,"ğŸ‡µğŸ‡¸ Palestine, State of"
,French Polynesia,ğŸ‡µğŸ‡«,258,-17.0243749,-144.6434898,PF,PYF,ğŸ‡µğŸ‡« French Polynesia
,Qatar,ğŸ‡¶ğŸ‡¦,634,25.3336984,51.2295295,QA,QAT,ğŸ‡¶ğŸ‡¦ Qatar
,RÃ©union,ğŸ‡·ğŸ‡ª,638,-21.1307379,55.5364801,RE,REU,ğŸ‡·ğŸ‡ª RÃ©union
,Romania,ğŸ‡·ğŸ‡´,642,45.9852129,24.6859225,RO,ROU,ğŸ‡·ğŸ‡´ Romania
,Russian Federation,ğŸ‡·ğŸ‡º,643,64.6863136,97.7453061,RU,RUS,ğŸ‡·ğŸ‡º Russian Federation
,Rwanda,ğŸ‡·ğŸ‡¼,646,-1.9646631,30.0644358,RW,RWA,ğŸ‡·ğŸ‡¼ Rwanda
,Saudi Arabia,ğŸ‡¸ğŸ‡¦,682,24.217621,44.3222148,SA,SAU,ğŸ‡¸ğŸ‡¦ Saudi Arabia
,Sudan,ğŸ‡¸ğŸ‡©,729,34.0678644,-102.524362,SD,SDN,ğŸ‡¸ğŸ‡© Sudan
,Senegal,ğŸ‡¸ğŸ‡³,686,14.4750607,-14.4529612,SN,SEN,ğŸ‡¸ğŸ‡³ Senegal
,Singapore,ğŸ‡¸ğŸ‡¬,702,1.357107,103.8194992,SG,SGP,ğŸ‡¸ğŸ‡¬ Singapore
,South Georgia and the South Sandwich Islands,ğŸ‡¬ğŸ‡¸,239,-54.8432857,-35.8090698,GS,SGS,ğŸ‡¬ğŸ‡¸ South Georgia and the South Sandwich Islands
,"Saint Helena, Ascension and Tristan da Cunha",ğŸ‡¸ğŸ‡­,654,,,SH,SHN,"ğŸ‡¸ğŸ‡­ Saint Helena, Ascension and Tristan da Cunha"
,Svalbard and Jan Mayen,ğŸ‡¸ğŸ‡¯,744,78.7198519,20.3493328,SJ,SJM,ğŸ‡¸ğŸ‡¯ Svalbard and Jan Mayen
,Solomon Islands,ğŸ‡¸ğŸ‡§,90,-8.7053941,159.1070694,SB,SLB,ğŸ‡¸ğŸ‡§ Solomon Islands
,Sierra Leone,ğŸ‡¸ğŸ‡±,694,8.6400349,-11.8400269,SL,SLE,ğŸ‡¸ğŸ‡± Sierra Leone
,El Salvador,ğŸ‡¸ğŸ‡»,222,13.8000382,-88.9140683,SV,SLV,ğŸ‡¸ğŸ‡» El Salvador
,San Marino,ğŸ‡¸ğŸ‡²,674,43.9458623,12.458306,SM,SMR,ğŸ‡¸ğŸ‡² San Marino
,Somalia,ğŸ‡¸ğŸ‡´,706,8.3676771,49.083416,SO,SOM,ğŸ‡¸ğŸ‡´ Somalia
,Saint Pierre and Miquelon,ğŸ‡µğŸ‡²,666,46.8374544,-56.2120555,PM,SPM,ğŸ‡µğŸ‡² Saint Pierre and Miquelon
,Serbia,ğŸ‡·ğŸ‡¸,688,44.0243229,21.0765743,RS,SRB,ğŸ‡·ğŸ‡¸ Serbia
,South Sudan,ğŸ‡¸ğŸ‡¸,728,7.8699431,29.6667897,SS,SSD,ğŸ‡¸ğŸ‡¸ South Sudan
,Sao Tome and Principe,ğŸ‡¸ğŸ‡¹,678,0.9713095,7.02255,ST,STP,ğŸ‡¸ğŸ‡¹ Sao Tome and Principe
,Suriname,ğŸ‡¸ğŸ‡·,740,4.1413025,-56.0771187,SR,SUR,ğŸ‡¸ğŸ‡· Suriname
,Slovakia,ğŸ‡¸ğŸ‡°,703,48.7411522,19.4528646,SK,SVK,ğŸ‡¸ğŸ‡° Slovakia
,Slovenia,ğŸ‡¸ğŸ‡®,705,46.1199444,14.8153333,SI,SVN,ğŸ‡¸ğŸ‡® Slovenia
,Sweden,ğŸ‡¸ğŸ‡ª,752,59.6749712,14.5208584,SE,SWE,ğŸ‡¸ğŸ‡ª Sweden
,Eswatini,ğŸ‡¸ğŸ‡¿,748,-26.5624806,31.3991317,SZ,SWZ,ğŸ‡¸ğŸ‡¿ Eswatini
,Sint Maarten (Dutch part),ğŸ‡¸ğŸ‡½,534,,,SX,SXM,ğŸ‡¸ğŸ‡½ Sint Maarten (Dutch part)
,Seychelles,ğŸ‡¸ğŸ‡¨,690,-4.6574977,55.4540146,SC,SYC,ğŸ‡¸ğŸ‡¨ Seychelles
,Syrian Arab Republic,ğŸ‡¸ğŸ‡¾,760,34.8147886,38.4231781,SY,SYR,ğŸ‡¸ğŸ‡¾ Syrian Arab Republic
,Turks and Caicos Islands,ğŸ‡¹ğŸ‡¨,796,21.721746,-71.5527809,TC,TCA,ğŸ‡¹ğŸ‡¨ Turks and Caicos Islands
,Chad,ğŸ‡¹ğŸ‡©,148,15.6134137,19.0156172,TD,TCD,ğŸ‡¹ğŸ‡© Chad
,Togo,ğŸ‡¹ğŸ‡¬,768,8.7800265,1.0199765,TG,TGO,ğŸ‡¹ğŸ‡¬ Togo
,Thailand,ğŸ‡¹ğŸ‡­,764,14.8971921,100.83273,TH,THA,ğŸ‡¹ğŸ‡­ Thailand
,Tajikistan,ğŸ‡¹ğŸ‡¯,762,38.6281733,70.8156541,TJ,TJK,ğŸ‡¹ğŸ‡¯ Tajikistan
,Tokelau,ğŸ‡¹ğŸ‡°,772,-9.1676396,-171.819687,TK,TKL,ğŸ‡¹ğŸ‡° Tokelau
,Turkmenistan,ğŸ‡¹ğŸ‡²,795,39.3763807,59.3924609,TM,TKM,ğŸ‡¹ğŸ‡² Turkmenistan
,Timor-Leste,ğŸ‡¹ğŸ‡±,626,-8.7443169,126.063482,TL,TLS,ğŸ‡¹ğŸ‡± Timor-Leste
,Tonga,ğŸ‡¹ğŸ‡´,776,-19.9160819,-175.202642,TO,TON,ğŸ‡¹ğŸ‡´ Tonga
,Trinidad and Tobago,ğŸ‡¹ğŸ‡¹,780,10.7466905,-61.0840075,TT,TTO,ğŸ‡¹ğŸ‡¹ Trinidad and Tobago
,Tunisia,ğŸ‡¹ğŸ‡³,788,36.8002068,10.1857757,TN,TUN,ğŸ‡¹ğŸ‡³ Tunisia
,TÃ¼rkiye,ğŸ‡¹ğŸ‡·,792,39.294076,35.2316631,TR,TUR,ğŸ‡¹ğŸ‡· TÃ¼rkiye
,Tuvalu,ğŸ‡¹ğŸ‡»,798,-8.6405212,179.1582918,TV,TUV,ğŸ‡¹ğŸ‡» Tuvalu
,"Taiwan, Province of China",ğŸ‡¹ğŸ‡¼,158,,,TW,TWN,"ğŸ‡¹ğŸ‡¼ Taiwan, Province of China"
,"Tanzania, United Republic of",ğŸ‡¹ğŸ‡¿,834,-6.5247123,35.7878438,TZ,TZA,"ğŸ‡¹ğŸ‡¿ Tanzania, United Republic of"
,Uganda,ğŸ‡ºğŸ‡¬,800,1.5333554,32.2166578,UG,UGA,ğŸ‡ºğŸ‡¬ Uganda
,Ukraine,ğŸ‡ºğŸ‡¦,804,49.4871968,31.2718321,UA,UKR,ğŸ‡ºğŸ‡¦ Ukraine
,United States Minor Outlying Islands,ğŸ‡ºğŸ‡²,581,28.2360511,-177.3685632,UM,UMI,ğŸ‡ºğŸ‡² United States Minor Outlying Islands
,Uruguay,ğŸ‡ºğŸ‡¾,858,-32.8755548,-56.0201525,UY,URY,ğŸ‡ºğŸ‡¾ Uruguay
,United States,ğŸ‡ºğŸ‡¸,840,39.7837304,-100.445882,US,USA,ğŸ‡ºğŸ‡¸ United States
,Uzbekistan,ğŸ‡ºğŸ‡¿,860,41.32373,63.9528098,UZ,UZB,ğŸ‡ºğŸ‡¿ Uzbekistan
,Holy See (Vatican City State),ğŸ‡»ğŸ‡¦,336,,,VA,VAT,ğŸ‡»ğŸ‡¦ Holy See (Vatican City State)
,Saint Vincent and the Grenadines,ğŸ‡»ğŸ‡¨,670,12.90447,-61.2765569,VC,VCT,ğŸ‡»ğŸ‡¨ Saint Vincent and the Grenadines
,"Venezuela, Bolivarian Republic of",ğŸ‡»ğŸ‡ª,862,8.0018709,-66.1109318,VE,VEN,"ğŸ‡»ğŸ‡ª Venezuela, Bolivarian Republic of"
,"Virgin Islands, British",ğŸ‡»ğŸ‡¬,92,18.4024395,-64.5661642,VG,VGB,"ğŸ‡»ğŸ‡¬ Virgin Islands, British"
,"Virgin Islands, U.S.",ğŸ‡»ğŸ‡®,850,17.789187,-64.7080574,VI,VIR,"ğŸ‡»ğŸ‡® Virgin Islands, U.S."
,Viet Nam,ğŸ‡»ğŸ‡³,704,15.9266657,107.9650855,VN,VNM,ğŸ‡»ğŸ‡³ Viet Nam
,Vanuatu,ğŸ‡»ğŸ‡º,548,-16.5255069,168.1069154,VU,VUT,ğŸ‡»ğŸ‡º Vanuatu
,Wallis and Futuna,ğŸ‡¼ğŸ‡«,876,-13.289402,-176.204224,WF,WLF,ğŸ‡¼ğŸ‡« Wallis and Futuna
,Samoa,ğŸ‡¼ğŸ‡¸,882,-13.7693895,-172.12005,WS,WSM,ğŸ‡¼ğŸ‡¸ Samoa
,Yemen,ğŸ‡¾ğŸ‡ª,887,16.3471243,47.8915271,YE,YEM,ğŸ‡¾ğŸ‡ª Yemen
,South Africa,ğŸ‡¿ğŸ‡¦,710,-28.8166236,24.991639,ZA,ZAF,ğŸ‡¿ğŸ‡¦ South Africa
,Zambia,ğŸ‡¿ğŸ‡²,894,-14.5189121,27.5589884,ZM,ZMB,ğŸ‡¿ğŸ‡² Zambia
,Zimbabwe,ğŸ‡¿ğŸ‡¼,716,-18.4554963,29.7468414,ZW,ZWE,ğŸ‡¿ğŸ‡¼ Zimbabwe
,"Bonaire, Sint Eustatius and Saba",ğŸ‡§ğŸ‡¶,535,,,BQ,BES,"ğŸ‡§ğŸ‡¶ Bonaire, Sint Eustatius and Saba"
,Burkina Faso,ğŸ‡§ğŸ‡«,854,12.0753083,-1.6880314,BF,BFA,ğŸ‡§ğŸ‡« Burkina Faso
,Bangladesh,ğŸ‡§ğŸ‡©,50,24.4769288,90.2934413,BD,BGD,ğŸ‡§ğŸ‡© Bangladesh
,Bulgaria,ğŸ‡§ğŸ‡¬,100,42.6073975,25.4856617,BG,BGR,ğŸ‡§ğŸ‡¬ Bulgaria
,Bahrain,ğŸ‡§ğŸ‡­,48,26.1551249,50.5344606,BH,BHR,ğŸ‡§ğŸ‡­ Bahrain
,Bahamas,ğŸ‡§ğŸ‡¸,44,24.7736546,-78.0000547,BS,BHS,ğŸ‡§ğŸ‡¸ Bahamas
,Bosnia and Herzegovina,ğŸ‡§ğŸ‡¦,70,44.3053476,17.5961467,BA,BIH,ğŸ‡§ğŸ‡¦ Bosnia and Herzegovina
,Saint BarthÃ©lemy,ğŸ‡§ğŸ‡±,652,17.8967693,-62.825598,BL,BLM,ğŸ‡§ğŸ‡± Saint BarthÃ©lemy
,Belarus,ğŸ‡§ğŸ‡¾,112,53.4250605,27.6971358,BY,BLR,ğŸ‡§ğŸ‡¾ Belarus
,Belize,ğŸ‡§ğŸ‡¿,84,17.1204943,-88.6859028,BZ,BLZ,ğŸ‡§ğŸ‡¿ Belize
,Bermuda,ğŸ‡§ğŸ‡²,60,32.3040273,-64.7563086,BM,BMU,ğŸ‡§ğŸ‡² Bermuda
,"Bolivia, Plurinational State of",ğŸ‡§ğŸ‡´,68,-17.0568696,-64.9912286,BO,BOL,"ğŸ‡§ğŸ‡´ Bolivia, Plurinational State of"
,Brazil,ğŸ‡§ğŸ‡·,76,-10.3333333,-53.2,BR,BRA,ğŸ‡§ğŸ‡· Brazil
,Barbados,ğŸ‡§ğŸ‡§,52,13.1500331,-59.5250305,BB,BRB,ğŸ‡§ğŸ‡§ Barbados
,Brunei Darussalam,ğŸ‡§ğŸ‡³,96,4.4137155,114.5653908,BN,BRN,ğŸ‡§ğŸ‡³ Brunei Darussalam
,Bhutan,ğŸ‡§ğŸ‡¹,64,27.549511,90.5119273,BT,BTN,ğŸ‡§ğŸ‡¹ Bhutan
,Bouvet Island,ğŸ‡§ğŸ‡»,74,-54.4215,3.3574416,BV,BVT,ğŸ‡§ğŸ‡» Bouvet Island
,Botswana,ğŸ‡§ğŸ‡¼,72,-23.1681782,24.5928742,BW,BWA,ğŸ‡§ğŸ‡¼ Botswana
,Central African Republic,ğŸ‡¨ğŸ‡«,140,7.0323598,19.9981227,CF,CAF,ğŸ‡¨ğŸ‡« Central African Republic
,Canada,ğŸ‡¨ğŸ‡¦,124,61.0666922,-107.991707,CA,CAN,ğŸ‡¨ğŸ‡¦ Canada
,Cocos (Keeling) Islands,ğŸ‡¨ğŸ‡¨,166,-12.0728315,96.8409375,CC,CCK,ğŸ‡¨ğŸ‡¨ Cocos (Keeling) Islands
,Switzerland,ğŸ‡¨ğŸ‡­,756,46.7985624,8.2319736,CH,CHE,ğŸ‡¨ğŸ‡­ Switzerland
,Chile,ğŸ‡¨ğŸ‡±,152,-31.7613365,-71.3187697,CL,CHL,ğŸ‡¨ğŸ‡± Chile
,China,ğŸ‡¨ğŸ‡³,156,35.0000663,104.999955,CN,CHN,ğŸ‡¨ğŸ‡³ China
,CÃ´te d'Ivoire,ğŸ‡¨ğŸ‡®,384,7.9897371,-5.5679458,CI,CIV,ğŸ‡¨ğŸ‡® CÃ´te d'Ivoire
,Cameroon,ğŸ‡¨ğŸ‡²,120,4.6125522,13.1535811,CM,CMR,ğŸ‡¨ğŸ‡² Cameroon
,"Congo, The Democratic Republic of the",ğŸ‡¨ğŸ‡©,180,-2.9814344,23.8222636,CD,COD,"ğŸ‡¨ğŸ‡© Congo, The Democratic Republic of the"
,Congo,ğŸ‡¨ğŸ‡¬,178,-2.9814344,23.8222636,CG,COG,ğŸ‡¨ğŸ‡¬ Congo
,Cook Islands,ğŸ‡¨ğŸ‡°,184,-19.9969716,-157.7858714,CK,COK,ğŸ‡¨ğŸ‡° Cook Islands
,Colombia,ğŸ‡¨ğŸ‡´,170,4.099917,-72.9088133,CO,COL,ğŸ‡¨ğŸ‡´ Colombia
,Comoros,ğŸ‡°ğŸ‡²,174,-12.2045176,44.2832964,KM,COM,ğŸ‡°ğŸ‡² Comoros
,Cabo Verde,ğŸ‡¨ğŸ‡»,132,16.0000552,-24.0083947,CV,CPV,ğŸ‡¨ğŸ‡» Cabo Verde
,Costa Rica,ğŸ‡¨ğŸ‡·,188,10.2735633,-84.0739102,CR,CRI,ğŸ‡¨ğŸ‡· Costa Rica
,Cuba,ğŸ‡¨ğŸ‡º,192,23.0131338,-80.8328748,CU,CUB,ğŸ‡¨ğŸ‡º Cuba
,CuraÃ§ao,ğŸ‡¨ğŸ‡¼,531,12.1176488,-68.9309263,CW,CUW,ğŸ‡¨ğŸ‡¼ CuraÃ§ao
,Christmas Island,ğŸ‡¨ğŸ‡½,162,-10.4837768,105.64723,CX,CXR,ğŸ‡¨ğŸ‡½ Christmas Island
,Cayman Islands,ğŸ‡°ğŸ‡¾,136,19.7031822,-79.9174627,KY,CYM,ğŸ‡°ğŸ‡¾ Cayman Islands
,Cyprus,ğŸ‡¨ğŸ‡¾,196,34.9174159,32.8899027,CY,CYP,ğŸ‡¨ğŸ‡¾ Cyprus
,Czechia,ğŸ‡¨ğŸ‡¿,203,49.7439047,15.3381061,CZ,CZE,ğŸ‡¨ğŸ‡¿ Czechia
,Germany,ğŸ‡©ğŸ‡ª,276,51.1638175,10.4478313,DE,DEU,ğŸ‡©ğŸ‡ª Germany
,Djibouti,ğŸ‡©ğŸ‡¯,262,11.8145966,42.8453061,DJ,DJI,ğŸ‡©ğŸ‡¯ Djibouti
,Dominica,ğŸ‡©ğŸ‡²,212,15.4113138,-61.3653618,DM,DMA,ğŸ‡©ğŸ‡² Dominica
,Denmark,ğŸ‡©ğŸ‡°,208,55.670249,10.3333283,DK,DNK,ğŸ‡©ğŸ‡° Denmark
,Dominican Republic,ğŸ‡©ğŸ‡´,214,19.0974031,-70.3028026,DO,DOM,ğŸ‡©ğŸ‡´ Dominican Republic
,Algeria,ğŸ‡©ğŸ‡¿,12,28.0000272,2.9999825,DZ,DZA,ğŸ‡©ğŸ‡¿ Algeria
,Ecuador,ğŸ‡ªğŸ‡¨,218,-1.3397668,-79.3666965,EC,ECU,ğŸ‡ªğŸ‡¨ Ecuador
,Egypt,ğŸ‡ªğŸ‡¬,818,26.2540493,29.2675469,EG,EGY,ğŸ‡ªğŸ‡¬ Egypt
,Eritrea,ğŸ‡ªğŸ‡·,232,15.9500319,37.9999668,ER,ERI,ğŸ‡ªğŸ‡· Eritrea
,Western Sahara,ğŸ‡ªğŸ‡­,732,24.1797324,-13.7667848,EH,ESH,ğŸ‡ªğŸ‡­ Western Sahara
,Spain,ğŸ‡ªğŸ‡¸,724,39.3260685,-4.8379791,ES,ESP,ğŸ‡ªğŸ‡¸ Spain
,Estonia,ğŸ‡ªğŸ‡ª,233,58.7523778,25.3319078,EE,EST,ğŸ‡ªğŸ‡ª Estonia
,Ethiopia,ğŸ‡ªğŸ‡¹,231,10.2116702,38.6521203,ET,ETH,ğŸ‡ªğŸ‡¹ Ethiopia
,Finland,ğŸ‡«ğŸ‡®,246,63.2467777,25.9209164,FI,FIN,ğŸ‡«ğŸ‡® Finland
,Fiji,ğŸ‡«ğŸ‡¯,242,-18.1239696,179.0122737,FJ,FJI,ğŸ‡«ğŸ‡¯ Fiji
,Falkland Islands (Malvinas),ğŸ‡«ğŸ‡°,238,-51.9492937,-59.5383657,FK,FLK,ğŸ‡«ğŸ‡° Falkland Islands (Malvinas)
,France,ğŸ‡«ğŸ‡·,250,46.603354,1.8883335,FR,FRA,ğŸ‡«ğŸ‡· France
,Faroe Islands,ğŸ‡«ğŸ‡´,234,62.1988704,-6.8178451,FO,FRO,ğŸ‡«ğŸ‡´ Faroe Islands
,"Micronesia, Federated States of",ğŸ‡«ğŸ‡²,583,8.6062347,151.8327443,FM,FSM,"ğŸ‡«ğŸ‡² Micronesia, Federated States of"
,Gabon,ğŸ‡¬ğŸ‡¦,266,-0.8999695,11.6899699,GA,GAB,ğŸ‡¬ğŸ‡¦ Gabon
,United Kingdom,ğŸ‡¬ğŸ‡§,826,54.7023545,-3.2765753,GB,GBR,ğŸ‡¬ğŸ‡§ United Kingdom
,Georgia,ğŸ‡¬ğŸ‡ª,268,32.3293809,-83.1137366,GE,GEO,ğŸ‡¬ğŸ‡ª Georgia
,Guernsey,ğŸ‡¬ğŸ‡¬,831,49.4622912,-2.5812023,GG,GGY,ğŸ‡¬ğŸ‡¬ Guernsey
,Ghana,ğŸ‡¬ğŸ‡­,288,8.0300284,-1.0800271,GH,GHA,ğŸ‡¬ğŸ‡­ Ghana
,Gibraltar,ğŸ‡¬ğŸ‡®,292,36.1285933,-5.3474761,GI,GIB,ğŸ‡¬ğŸ‡® Gibraltar
,Guinea,ğŸ‡¬ğŸ‡³,324,10.7226226,-10.7083587,GN,GIN,ğŸ‡¬ğŸ‡³ Guinea
,Guadeloupe,ğŸ‡¬ğŸ‡µ,312,16.2528827,-61.5686855,GP,GLP,ğŸ‡¬ğŸ‡µ Guadeloupe
,Gambia,ğŸ‡¬ğŸ‡²,270,13.470062,-15.4900464,GM,GMB,ğŸ‡¬ğŸ‡² Gambia
,Guinea-Bissau,ğŸ‡¬ğŸ‡¼,624,11.815215,-15.2351044,GW,GNB,ğŸ‡¬ğŸ‡¼ Guinea-Bissau
,Equatorial Guinea,ğŸ‡¬ğŸ‡¶,226,1.613172,10.5170357,GQ,GNQ,ğŸ‡¬ğŸ‡¶ Equatorial Guinea
,Greece,ğŸ‡¬ğŸ‡·,300,38.9953683,21.9877132,GR,GRC,ğŸ‡¬ğŸ‡· Greece
,Grenada,ğŸ‡¬ğŸ‡©,308,12.1360374,-61.6904045,GD,GRD,ğŸ‡¬ğŸ‡© Grenada
,Greenland,ğŸ‡¬ğŸ‡±,304,43.0361995,-70.8328322,GL,GRL,ğŸ‡¬ğŸ‡± Greenland
,Guatemala,ğŸ‡¬ğŸ‡¹,320,15.5855545,-90.345759,GT,GTM,ğŸ‡¬ğŸ‡¹ Guatemala
,French Guiana,ğŸ‡¬ğŸ‡«,254,4.0039882,-52.999998,GF,GUF,ğŸ‡¬ğŸ‡« French Guiana
,Guam,ğŸ‡¬ğŸ‡º,316,13.4499943,144.7651677,GU,GUM,ğŸ‡¬ğŸ‡º Guam
,Guyana,ğŸ‡¬ğŸ‡¾,328,4.8417097,-58.6416891,GY,GUY,ğŸ‡¬ğŸ‡¾ Guyana
,Hong Kong,ğŸ‡­ğŸ‡°,344,22.350627,114.1849161,HK,HKG,ğŸ‡­ğŸ‡° Hong Kong
,Heard Island and McDonald Islands,ğŸ‡­ğŸ‡²,334,-53.0166353,72.955751,HM,HMD,ğŸ‡­ğŸ‡² Heard Island and McDonald Islands
,Honduras,ğŸ‡­ğŸ‡³,340,15.2572432,-86.0755145,HN,HND,ğŸ‡­ğŸ‡³ Honduras
,Croatia,ğŸ‡­ğŸ‡·,191,45.3658443,15.6575209,HR,HRV,ğŸ‡­ğŸ‡· Croatia
,Haiti,ğŸ‡­ğŸ‡¹,332,19.1399952,-72.3570972,HT,HTI,ğŸ‡­ğŸ‡¹ Haiti
,Hungary,ğŸ‡­ğŸ‡º,348,47.1817585,19.5060937,HU,HUN,ğŸ‡­ğŸ‡º Hungary
,Indonesia,ğŸ‡®ğŸ‡©,360,-2.4833826,117.8902853,ID,IDN,ğŸ‡®ğŸ‡© Indonesia
,Isle of Man,ğŸ‡®ğŸ‡²,833,54.1936805,-4.5591148,IM,IMN,ğŸ‡®ğŸ‡² Isle of Man
,India,ğŸ‡®ğŸ‡³,356,22.3511148,78.6677428,IN,IND,ğŸ‡®ğŸ‡³ India
,British Indian Ocean Territory,ğŸ‡®ğŸ‡´,86,-5.3497093,71.8606423,IO,IOT,ğŸ‡®ğŸ‡´ British Indian Ocean Territory
,Ireland,ğŸ‡®ğŸ‡ª,372,52.865196,-7.9794599,IE,IRL,ğŸ‡®ğŸ‡ª Ireland
,"Iran, Islamic Republic of",ğŸ‡®ğŸ‡·,364,32.6475314,54.5643516,IR,IRN,"ğŸ‡®ğŸ‡· Iran, Islamic Republic of"
,Iraq,ğŸ‡®ğŸ‡¶,368,33.0955793,44.1749775,IQ,IRQ,ğŸ‡®ğŸ‡¶ Iraq
,Iceland,ğŸ‡®ğŸ‡¸,352,64.9841821,-18.1059013,IS,ISL,ğŸ‡®ğŸ‡¸ Iceland
,Israel,ğŸ‡®ğŸ‡±,376,30.8124247,34.8594762,IL,ISR,ğŸ‡®ğŸ‡± Israel
,Italy,ğŸ‡®ğŸ‡¹,380,42.6384261,12.674297,IT,ITA,ğŸ‡®ğŸ‡¹ Italy
,Jamaica,ğŸ‡¯ğŸ‡²,388,18.1850507,-77.3947693,JM,JAM,ğŸ‡¯ğŸ‡² Jamaica
,Jersey,ğŸ‡¯ğŸ‡ª,832,49.2214561,-2.1358386,JE,JEY,ğŸ‡¯ğŸ‡ª Jersey
,Jordan,ğŸ‡¯ğŸ‡´,400,44.6663146,-93.6261918,JO,JOR,ğŸ‡¯ğŸ‡´ Jordan
,Japan,ğŸ‡¯ğŸ‡µ,392,36.5748441,139.2394179,JP,JPN,ğŸ‡¯ğŸ‡µ Japan
,Kazakhstan,ğŸ‡°ğŸ‡¿,398,48.1012954,66.7780818,KZ,KAZ,ğŸ‡°ğŸ‡¿ Kazakhstan
,Kenya,ğŸ‡°ğŸ‡ª,404,1.4419683,38.4313975,KE,KEN,ğŸ‡°ğŸ‡ª Kenya
,Kyrgyzstan,ğŸ‡°ğŸ‡¬,417,41.5089324,74.724091,KG,KGZ,ğŸ‡°ğŸ‡¬ Kyrgyzstan
,Cambodia,ğŸ‡°ğŸ‡­,116,12.5433216,104.8144914,KH,KHM,ğŸ‡°ğŸ‡­ Cambodia
,Kiribati,ğŸ‡°ğŸ‡®,296,0.3448612,173.6641773,KI,KIR,ğŸ‡°ğŸ‡® Kiribati
,Saint Kitts and Nevis,ğŸ‡°ğŸ‡³,659,17.250512,-62.6725973,KN,KNA,ğŸ‡°ğŸ‡³ Saint Kitts and Nevis
,"Korea, Republic of",ğŸ‡°ğŸ‡·,410,36.638392,127.6961188,KR,KOR,"ğŸ‡°ğŸ‡· Korea, Republic of"
,Kuwait,ğŸ‡°ğŸ‡¼,414,29.3796532,47.9734174,KW,KWT,ğŸ‡°ğŸ‡¼ Kuwait
,Lao People's Democratic Republic,ğŸ‡±ğŸ‡¦,418,20.0171109,103.378253,LA,LAO,ğŸ‡±ğŸ‡¦ Lao People's Democratic Republic
,Lebanon,ğŸ‡±ğŸ‡§,422,40.375713,-76.4626118,LB,LBN,ğŸ‡±ğŸ‡§ Lebanon
,Liberia,ğŸ‡±ğŸ‡·,430,5.7499721,-9.3658524,LR,LBR,ğŸ‡±ğŸ‡· Liberia
,Libya,ğŸ‡±ğŸ‡¾,434,26.8234472,18.1236723,LY,LBY,ğŸ‡±ğŸ‡¾ Libya
,Saint Lucia,ğŸ‡±ğŸ‡¨,662,13.8250489,-60.975036,LC,LCA,ğŸ‡±ğŸ‡¨ Saint Lucia
,Liechtenstein,ğŸ‡±ğŸ‡®,438,47.1416307,9.5531527,LI,LIE,ğŸ‡±ğŸ‡® Liechtenstein
,Sri Lanka,ğŸ‡±ğŸ‡°,144,7.5554942,80.7137847,LK,LKA,ğŸ‡±ğŸ‡° Sri Lanka
,Lesotho,ğŸ‡±ğŸ‡¸,426,-29.6039267,28.3350193,LS,LSO,ğŸ‡±ğŸ‡¸ Lesotho
,Lithuania,ğŸ‡±ğŸ‡¹,440,55.3500003,23.7499997,LT,LTU,ğŸ‡±ğŸ‡¹ Lithuania
,Luxembourg,ğŸ‡±ğŸ‡º,442,49.6112768,6.129799,LU,LUX,ğŸ‡±ğŸ‡º Luxembourg
,Latvia,ğŸ‡±ğŸ‡»,428,56.8406494,24.7537645,LV,LVA,ğŸ‡±ğŸ‡» Latvia
,Macao,ğŸ‡²ğŸ‡´,446,22.1757605,113.5514142,MO,MAC,ğŸ‡²ğŸ‡´ Macao
,Saint Martin (French part),ğŸ‡²ğŸ‡«,663,18.0814066,-63.0467131,MF,MAF,ğŸ‡²ğŸ‡« Saint Martin (French part)
,Morocco,ğŸ‡²ğŸ‡¦,504,28.3347722,-10.3713379,MA,MAR,ğŸ‡²ğŸ‡¦ Morocco
,Monaco,ğŸ‡²ğŸ‡¨,492,43.7323492,7.4276832,MC,MCO,ğŸ‡²ğŸ‡¨ Monaco
,"Moldova, Republic of",ğŸ‡²ğŸ‡©,498,47.0229142,28.8299748,MD,MDA,"ğŸ‡²ğŸ‡© Moldova, Republic of"
,Madagascar,ğŸ‡²ğŸ‡¬,450,-18.9249604,46.4416422,MG,MDG,ğŸ‡²ğŸ‡¬ Madagascar
,Maldives,ğŸ‡²ğŸ‡»,462,3.7203503,73.2244152,MV,MDV,ğŸ‡²ğŸ‡» Maldives
,Mexico,ğŸ‡²ğŸ‡½,484,23.6585116,-102.0077097,MX,MEX,ğŸ‡²ğŸ‡½ Mexico
,Marshall Islands,ğŸ‡²ğŸ‡­,584,8.9995549,168.0002575,MH,MHL,ğŸ‡²ğŸ‡­ Marshall Islands
,North Macedonia,ğŸ‡²ğŸ‡°,807,41.6171214,21.7168387,MK,MKD,ğŸ‡²ğŸ‡° North Macedonia
,Mali,ğŸ‡²ğŸ‡±,466,16.3700359,-2.2900239,ML,MLI,ğŸ‡²ğŸ‡± Mali
,Malta,ğŸ‡²ğŸ‡¹,470,35.8885993,14.4476911,MT,MLT,ğŸ‡²ğŸ‡¹ Malta
,Myanmar,ğŸ‡²ğŸ‡²,104,17.1750495,95.9999652,MM,MMR,ğŸ‡²ğŸ‡² Myanmar
,Montenegro,ğŸ‡²ğŸ‡ª,499,-29.6826112,-51.4687455,ME,MNE,ğŸ‡²ğŸ‡ª Montenegro
,Mongolia,ğŸ‡²ğŸ‡³,496,46.8250388,103.8499736,MN,MNG,ğŸ‡²ğŸ‡³ Mongolia
,Northern Mariana Islands,ğŸ‡²ğŸ‡µ,580,15.1753648,145.7379338,MP,MNP,ğŸ‡²ğŸ‡µ Northern Mariana Islands
,Mozambique,ğŸ‡²ğŸ‡¿,508,-19.302233,34.9144977,MZ,MOZ,ğŸ‡²ğŸ‡¿ Mozambique
,Mauritania,ğŸ‡²ğŸ‡·,478,20.2540382,-9.2399263,MR,MRT,ğŸ‡²ğŸ‡· Mauritania
,Montserrat,ğŸ‡²ğŸ‡¸,500,16.7417041,-62.1916844,MS,MSR,ğŸ‡²ğŸ‡¸ Montserrat
,Martinique,ğŸ‡²ğŸ‡¶,474,14.6113732,-60.9620777,MQ,MTQ,ğŸ‡²ğŸ‡¶ Martinique
,Mauritius,ğŸ‡²ğŸ‡º,480,-20.2759451,57.5703566,MU,MUS,ğŸ‡²ğŸ‡º Mauritius
,Malawi,ğŸ‡²ğŸ‡¼,454,-13.2687204,33.9301963,MW,MWI,ğŸ‡²ğŸ‡¼ Malawi
,Malaysia,ğŸ‡²ğŸ‡¾,458,4.5693754,102.2656823,MY,MYS,ğŸ‡²ğŸ‡¾ Malaysia
,Mayotte,ğŸ‡¾ğŸ‡¹,175,-12.823048,45.1520755,YT,MYT,ğŸ‡¾ğŸ‡¹ Mayotte
,Namibia,ğŸ‡³ğŸ‡¦,516,-23.2335499,17.3231107,,NAM,ğŸ‡³ğŸ‡¦ Namibia
,New Caledonia,ğŸ‡³ğŸ‡¨,540,-20.6378428,161.2117626,NC,NCL,ğŸ‡³ğŸ‡¨ New Caledonia
,Niger,ğŸ‡³ğŸ‡ª,562,17.7356214,9.3238432,NE,NER,ğŸ‡³ğŸ‡ª Niger
,Norfolk Island,ğŸ‡³ğŸ‡«,574,-29.0328038,167.9483137,NF,NFK,ğŸ‡³ğŸ‡« Norfolk Island
,Nigeria,ğŸ‡³ğŸ‡¬,566,9.6000359,7.9999721,NG,NGA,ğŸ‡³ğŸ‡¬ Nigeria
,Nicaragua,ğŸ‡³ğŸ‡®,558,12.6090157,-85.2936911,NI,NIC,ğŸ‡³ğŸ‡® Nicaragua
,Niue,ğŸ‡³ğŸ‡º,570,-19.0536414,-169.861341,NU,NIU,ğŸ‡³ğŸ‡º Niue
,Netherlands,ğŸ‡³ğŸ‡±,528,52.2434979,5.6343227,NL,NLD,ğŸ‡³ğŸ‡± Netherlands
,Norway,ğŸ‡³ğŸ‡´,578,64.5731537,11.5280364,NO,NOR,ğŸ‡³ğŸ‡´ Norway
,Nepal,ğŸ‡³ğŸ‡µ,524,28.3780464,83.9999901,NP,NPL,ğŸ‡³ğŸ‡µ Nepal
,Nauru,ğŸ‡³ğŸ‡·,520,-0.5252306,166.9324426,NR,NRU,ğŸ‡³ğŸ‡· Nauru
,New Zealand,ğŸ‡³ğŸ‡¿,554,-41.5000831,172.8344077,NZ,NZL,ğŸ‡³ğŸ‡¿ New Zealand
,Oman,ğŸ‡´ğŸ‡²,512,21.0000287,57.0036901,OM,OMN,ğŸ‡´ğŸ‡² Oman
,Pakistan,ğŸ‡µğŸ‡°,586,30.3308401,71.247499,PK,PAK,ğŸ‡µğŸ‡° Pakistan
,Panama,ğŸ‡µğŸ‡¦,591,8.559559,-81.1308434,PA,PAN,ğŸ‡µğŸ‡¦ Panama
,Pitcairn,ğŸ‡µğŸ‡³,612,40.4031245,-79.778102,PN,PCN,ğŸ‡µğŸ‡³ Pitcairn
,Peru,ğŸ‡µğŸ‡ª,604,-6.8699697,-75.0458515,PE,PER,ğŸ‡µğŸ‡ª Peru
,Philippines,ğŸ‡µğŸ‡­,608,12.7503486,122.7312101,PH,PHL,ğŸ‡µğŸ‡­ Philippines
,Palau,ğŸ‡µğŸ‡¼,585,42.5717989,2.9600905,PW,PLW,ğŸ‡µğŸ‡¼ Palau
,Papua New Guinea,ğŸ‡µğŸ‡¬,598,-5.6816069,144.2489081,PG,PNG,ğŸ‡µğŸ‡¬ Papua New Guinea
,Poland,ğŸ‡µğŸ‡±,616,52.215933,19.134422,PL,POL,ğŸ‡µğŸ‡± Poland
